字词,拼音
吖,a
吖嗪,a qin
阿,a
阿鼻地狱,a bi di yu
阿昌族,a chang zu
阿斗,a dou
阿尔茨海默病,a er ci hai mo bing
阿尔法粒子,a er fa li zi
阿尔法射线,a er fa she xian
阿飞,a fei
阿伏伽德罗常量,a fu jia de luo chang liang
阿公,a gong
阿訇,a hong
阿拉伯人,a la bo ren
阿拉伯数字,a la bo shu zi
阿兰若,a lan re
阿罗汉,a luo han
阿猫阿狗,a mao a gou
阿门,a men
阿片,a pian
阿婆,a po
阿是穴,a shi xue
阿嚏,a ti
阿姨,a yi
呵,a
啊,a
锕,a
腌,a
腌臜,a za
呵,a
啊,a
嗄,a
呵,a
啊,a
呵,a
啊,a
阿,a
呵,a
啊,a
哎,ai
哎呀,ai ya
哎哟,ai yo
哀,ai
哀兵必胜,ai bing bi sheng
哀愁,ai chou
哀辞,ai ci
哀悼,ai dao
哀的美敦书,ai di mei dun shu
哀告,ai gao
哀歌,ai ge
哀号,ai hao
哀嚎,ai hao
哀鸿遍野,ai hong bian ye
哀矜,ai jin
哀苦,ai ku
哀怜,ai lian
哀鸣,ai ming
哀戚,ai qi
哀启,ai qi
哀泣,ai qi
哀切,ai qie
哀求,ai qiu
哀荣,ai rong
哀伤,ai shang
哀思,ai si
哀叹,ai tan
哀恸,ai tong
哀痛,ai tong
哀婉,ai wan
哀艳,ai yan
哀怨,ai yuan
哀乐,ai yue
埃,ai
埃,ai
埃博拉出血热,ai bo la chu xue re
挨,ai
挨班,ai ban
挨边,ai bian
挨次,ai ci
挨个,ai ge
挨肩,ai jian
挨近,ai jin
唉,ai
唉声叹气,ai sheng tan qi
娭,ai
娭毑,ai jie
欸,ai
嗳,ai
锿,ai
挨,ai
挨板子,ai ban zi
挨批,ai pi
挨宰,ai zai
挨整,ai zheng
𫘤,ai
皑,ai
皑皑,ai ai
癌,ai
癌变,ai bian
癌症,ai zheng
毐,ai
欸,ai
欸乃,ai nai
嗳,ai
嗳气,ai qi
嗳酸,ai suan
矮,ai
矮半截,ai ban jie
矮墩墩,ai dun dun
矮化,ai hua
矮小,ai xiao
矮星,ai xing
矮行星,ai xing xing
矮子,ai zi
蔼,ai
蔼,ai
蔼蔼,ai ai
蔼然,ai ran
霭,ai
艾,ai
艾,ai
艾,ai
艾,ai
艾蒿,ai hao
艾虎,ai hu
艾虎,ai hu
艾绒,ai rong
艾窝窝,ai wo wo
艾叶豹,ai ye bao
艾鼬,ai you
艾滋病,ai zi bing
㤅,ai
砹,ai
唉,ai
爱,ai
爱不释手,ai bu shi shou
爱财如命,ai cai ru ming
爱巢,ai chao
爱称,ai cheng
爱搭不理,ai da bu li
爱答不理,ai da bu li
爱戴,ai dai
爱抚,ai fu
爱岗,ai gang
爱国,ai guo
爱国主义,ai guo zhu yi
爱好,ai hao
爱河,ai he
爱护,ai hu
爱将,ai jiang
爱克斯刀,ai ke si dao
爱克斯射线,ai ke si she xian
爱理不理,ai li bu li
爱怜,ai lian
爱恋,ai lian
爱侣,ai lv
爱面子,ai mian zi
爱莫能助,ai mo neng zhu
爱慕,ai mu
爱情,ai qing
爱人,ai ren
爱神,ai shen
爱斯基摩人,ai si ji mo ren
爱窝窝,ai wo wo
爱屋及乌,ai wu ji wu
爱惜,ai xi
爱惜羽毛,ai xi yu mao
爱小,ai xiao
爱心,ai xin
爱欲,ai yu
爱重,ai zhong
𫣊,ai
𫣊尼,ai ni
隘,ai
隘口,ai kou
隘路,ai lu
𫉁,ai
碍,ai
碍口,ai kou
碍面子,ai mian zi
碍难,ai nan
碍事,ai shi
碍手碍脚,ai shou ai jiao
碍眼,ai yan
碍于,ai yu
嗳,ai
嗌,ai
嫒,ai
瑷,ai
叆,ai
叆叇,ai dai
暧,ai
暧昧,ai mei
厂,an
广,an
安,an
安,an
安,an
安邦定国,an bang ding guo
安保,an bao
安步当车,an bu dang che
安瓿,an bu
安插,an cha
安厝,an cuo
安抵,an di
安定,an ding
安堵,an du
安度,an du
安顿,an dun
安放,an fang
安分,an fen
安分守己,an fen shou ji
安抚,an fu
安好,an hao
安家,an jia
安家立业,an jia li ye
安家落户,an jia luo hu
安监,an jian
安检,an jian
安静,an jing
安居,an ju
安居乐业,an ju le ye
安康,an kang
安拉,an la
安澜,an lan
安乐,an le
安乐死,an le si
安乐窝,an le wo
安乐椅,an le yi
安理会,an li hui
安谧,an mi
安眠,an mian
安眠药,an mian yao
安民告示,an min gao shi
安宁,an ning
安排,an pai
安培,an pei
安培表,an pei biao
安培计,an pei ji
安贫乐道,an pin le dao
安琪儿,an qi er
安寝,an qin
安全,an quan
安全玻璃,an quan bo li
安全带,an quan dai
安全岛,an quan dao
安全电压,an quan dian ya
安全理事会,an quan li shi hui
安全门,an quan men
安全套,an quan tao
安全剃刀,an quan ti dao
安全系数,an quan xi shu
安全线,an quan xian
安然,an ran
安然无恙,an ran wu yang
安如磐石,an ru pan shi
安如泰山,an ru tai shan
安设,an she
安身,an shen
安身立命,an shen li ming
安神,an shen
安生,an sheng
安适,an shi
安睡,an shui
安泰,an tai
安恬,an tian
安帖,an tie
安土重迁,an tu zhong qian
安妥,an tuo
安危,an wei
安慰,an wei
安慰剂,an wei ji
安慰赛,an wei sai
安稳,an wen
安息,an xi
安息日,an xi ri
安闲,an xian
安详,an xiang
安享,an xiang
安歇,an xie
安心,an xin
安心,an xin
安逸,an yi
安营,an ying
安营扎寨,an ying zha zhai
安于,an yu
安葬,an zang
安枕,an zhen
安之若素,an zhi ruo su
安置,an zhi
安装,an zhuang
垵,an
桉,an
氨,an
氨基,an ji
氨基酸,an ji suan
氨纶,an lun
氨气,an qi
氨水,an shui
庵,an
庵堂,an tang
庵子,an zi
谙,an
谙达,an da
谙练,an lian
谙熟,an shu
媕,an
媕婀,an e
鹌,an
鹌鹑,an chun
腤,an
𩽾,an
𩽾𩾌,an kang
鞍,an
鞍韂,an chan
鞍鞯,an jian
鞍马,an ma
鞍马劳顿,an ma lao dun
鞍前马后,an qian ma hou
鞍子,an zi
鞌,an
盦,an
盦,an
垵,an
咹,an
俺,an
埯,an
唵,an
唵,an
唵,an
铵,an
铵根,an gen
揞,an
犴,an
岸,an
岸标,an biao
岸炮,an pao
岸然,an ran
按,an
按,an
按兵不动,an bing bu dong
按部就班,an bu jiu ban
按键,an jian
按揭,an jie
按金,an jin
按扣,an kou
按理,an li
按例,an li
按脉,an mai
按摩,an mo
按捺,an na
按钮,an niu
按期,an qi
按时,an shi
按说,an shuo
按图索骥,an tu suo ji
按下葫芦浮起瓢,an xia hu lu fu qi piao
按压,an ya
按语,an yu
按照,an zhao
胺,an
案,an
案板,an ban
案秤,an cheng
案底,an di
案牍,an du
案发,an fa
案犯,an fan
案件,an jian
案卷,an juan
案例,an li
案情,an qing
案头,an tou
案头工作,an tou gong zuo
案由,an you
案语,an yu
案值,an zhi
案子,an zi
暗,an
暗暗,an an
暗堡,an bao
暗藏,an cang
暗娼,an chang
暗场,an chang
暗潮,an chao
暗处,an chu
暗淡,an dan
暗道,an dao
暗地,an di
暗地里,an di li
暗度陈仓,an du chen cang
暗房,an fang
暗访,an fang
暗沟,an gou
暗害,an hai
暗含,an han
暗号,an hao
暗合,an he
暗河,an he
暗盒,an he
暗花,an hua
暗火,an huo
暗疾,an ji
暗间,an jian
暗箭,an jian
暗礁,an jiao
暗井,an jing
暗记,an ji
暗里,an li
暗恋,an lian
暗流,an liu
暗楼子,an lou zi
暗码,an ma
暗昧,an mei
暗盘,an pan
暗器,an qi
暗弱,an ruo
暗杀,an sha
暗沙,an sha
暗伤,an shang
暗哨,an shao
暗射,an she
暗射地图,an she di tu
暗示,an shi
暗事,an shi
暗室,an shi
暗送秋波,an song qiu bo
暗算,an suan
暗锁,an suo
暗滩,an tan
暗探,an tan
暗无天日,an wu tian ri
暗物质,an wu zhi
暗喜,an xi
暗匣,an xia
暗下,an xia
暗下里,an xia li
暗线,an xian
暗箱,an xiang
暗箱操作,an xiang cao zuo
暗笑,an xiao
暗影,an ying
暗语,an yu
暗喻,an yu
暗中,an zhong
暗转,an zhuan
暗自,an zi
黯,an
黯淡,an dan
黯黑,an hei
黯然,an ran
黯然神伤,an ran shen shang
肮,ang
肮脏,ang zang
卬,ang
昂,ang
昂昂,ang ang
昂藏,ang cang
昂奋,ang fen
昂贵,ang gui
昂然,ang ran
昂首,ang shou
昂首阔步,ang shou kuo bu
昂扬,ang yang
枊,ang
盎,ang
盎,ang
盎格鲁撒克逊人,ang ge lu sa ke xun ren
盎然,ang ran
盎司,ang si
凹,ao
凹版,ao ban
凹镜,ao jing
凹面镜,ao mian jing
凹透镜,ao tou jing
凹陷,ao xian
熬,ao
熬心,ao xin
爊,ao
敖,ao
敖包,ao bao
隞,ao
嶅,ao
遨,ao
遨游,ao you
嗷,ao
嗷嗷,ao ao
嗷嗷待哺,ao ao dai bu
廒,ao
璈,ao
獒,ao
熬,ao
熬煎,ao jian
熬磨,ao mo
熬年头,ao nian tou
熬头,ao tou
熬夜,ao ye
聱,ao
螯,ao
螯肢动物,ao zhi dong wu
翱,ao
翱翔,ao xiang
謷,ao
鳌,ao
鳌山,ao shan
鳌头,ao tou
嚣,ao
鏖,ao
鏖战,ao zhan
拗,ao
袄,ao
媪,ao
𬸩,ao
岙,ao
垇,ao
坳,ao
拗,ao
拗口,ao kou
拗口令,ao kou ling
奡,ao
傲,ao
傲岸,ao an
傲骨,ao gu
傲慢,ao man
傲气,ao qi
傲然,ao ran
傲人,ao ren
傲世,ao shi
傲视,ao shi
傲物,ao wu
奥,ao
奥博,ao bo
奥林匹克运动会,ao lin pi ke yun dong hui
奥秘,ao mi
奥妙,ao miao
奥义,ao yi
奥援,ao yuan
奥运村,ao yun cun
奥运会,ao yun hui
奥旨,ao zhi
骜,ao
慠,ao
隩,ao
墺,ao
薁,ao
澳,ao
澳,ao
澳抗,ao kang
澳门币,ao men bi
懊,ao
懊恨,ao hen
懊悔,ao hui
懊𢙐,ao nao
懊恼,ao nao
懊丧,ao sang
鏊,ao
鏊子,ao zi
八,ba
八拜之交,ba bai zhi jiao
八宝菜,ba bao cai
八宝饭,ba bao fan
八宝粥,ba bao zhou
八辈子,ba bei zi
八成,ba cheng
八斗才,ba dou cai
八方,ba fang
八分书,ba fen shu
八竿子打不着,ba gan zi da bu zhao
八哥,ba ge
八股,ba gu
八卦,ba gua
八卦教,ba gua jiao
八国联军,ba guo lian jun
八行书,ba hang shu
八角,ba jiao
八角枫,ba jiao feng
八角茴香,ba jiao hui xiang
八节,ba jie
八九不离十,ba jiu bu li shi
八路,ba lu
八路军,ba lu jun
八面光,ba mian guang
八面玲珑,ba mian ling long
八面威风,ba mian wei feng
八旗,ba qi
八下里,ba xia li
八仙,ba xian
八仙过海,ba xian guo hai
八仙桌,ba xian zhuo
八项规定,ba xiang gui ding
八一建军节,ba yi jian jun jie
八一南昌起义,ba yi nan chang qi yi
八音,ba yin
八音盒,ba yin he
八月节,ba yue jie
八字,ba zi
八字步,ba zi bu
八字没一撇,ba zi mei yi pie
八字帖,ba zi tie
巴,ba
巴,ba
巴,ba
巴,ba
巴巴,ba ba
巴巴结结,ba ba jie jie
巴巴地,ba ba de
巴不得,ba bu de
巴旦杏,ba dan xing
巴豆,ba dou
巴结,ba jie
巴黎公社,ba li gong she
巴林石,ba lin shi
巴狗,ba gou
巴山蜀水,ba shan shu shui
巴士,ba shi
巴松,ba song
巴头探脑,ba tou tan nao
巴望,ba wang
巴乌,ba wu
巴掌,ba zhang
扒,ba
扒车,ba che
扒带,ba dai
扒拉,ba la
扒皮,ba pi
扒头,ba tou
叭,ba
叭狗,ba gou
朳,ba
芭,ba
芭蕉,ba jiao
芭蕉扇,ba jiao shan
芭蕾舞,ba lei wu
夿,ba
吧,ba
吧,ba
吧嗒,ba da
吧嗒,ba da
吧唧,ba ji
吧唧,ba ji
吧女,ba nv
吧台,ba tai
岜,ba
峇,ba
疤,ba
疤痕,ba hen
疤拉,ba la
疤拉眼,ba la yan
疤瘌,ba la
疤瘌眼,ba la yan
捌,ba
蚆,ba
笆,ba
笆斗,ba dou
笆篱,ba li
笆篱子,ba li zi
笆篓,ba lou
羓,ba
粑,ba
粑粑,ba ba
鲃,ba
拔,ba
拔除,ba chu
拔刀相助,ba dao xiang zhu
拔地而起,ba di er qi
拔份,ba fen
拔高,ba gao
拔罐子,ba guan zi
拔河,ba he
拔火罐,ba huo guan
拔火罐,ba huo guan
拔火筒,ba huo tong
拔尖,ba jian
拔脚,ba jiao
拔节,ba jie
拔锚,ba mao
拔苗助长,ba miao zhu zhang
拔取,ba qu
拔丝,ba si
拔俗,ba su
拔腿,ba tui
拔营,ba ying
拔擢,ba zhuo
妭,ba
胈,ba
菝,ba
菝葜,ba qia
跋,ba
跋,ba
跋扈,ba hu
跋前疐后,ba qian zhi hou
跋前踬后,ba qian zhi hou
跋山涉水,ba shan she shui
跋涉,ba she
跋文,ba wen
跋语,ba yu
魃,ba
鼥,ba
把,ba
把柄,ba bing
把持,ba chi
把舵,ba duo
把风,ba feng
把关,ba guan
把家,ba jia
把角,ba jiao
把酒,ba jiu
把口,ba kou
把揽,ba lan
把牢,ba lao
把脉,ba mai
把门,ba men
把式,ba shi
把势,ba shi
把手,ba shou
把守,ba shou
把头,ba tou
把玩,ba wan
把稳,ba wen
把握,ba wo
把戏,ba xi
把兄弟,ba xiong di
把斋,ba zhai
把盏,ba zhan
把捉,ba zhuo
把子,ba zi
把子,ba zi
把子,ba zi
㞎,ba
㞎㞎,ba ba
钯,ba
靶,ba
靶标,ba biao
靶场,ba chang
靶船,ba chuan
靶点,ba dian
靶机,ba ji
靶器官,ba qi guan
靶台,ba tai
靶细胞,ba xi bao
靶心,ba xin
靶子,ba zi
坝,ba
坝塘,ba tang
坝田,ba tian
坝子,ba zi
把,ba
把子,ba zi
弝,ba
爸,ba
爸爸,ba ba
耙,ba
罢,ba
罢笔,ba bi
罢黜,ba chu
罢工,ba gong
罢官,ba guan
罢教,ba jiao
罢考,ba kao
罢课,ba ke
罢了,ba le
罢练,ba lian
罢了,ba liao
罢论,ba lun
罢免,ba mian
罢免权,ba mian quan
罢赛,ba sai
罢市,ba shi
罢手,ba shou
罢讼,ba song
罢诉,ba su
罢休,ba xiu
罢演,ba yan
罢战,ba zhan
罢职,ba zhi
𫜨,ba
鲅,ba
鲌,ba
䎬,ba
霸,ba
霸持,ba chi
霸道,ba dao
霸道,ba dao
霸气,ba qi
霸气,ba qi
霸权,ba quan
霸权主义,ba quan zhu yi
霸王,ba wang
霸王鞭,ba wang bian
霸王鞭,ba wang bian
霸王条款,ba wang tiao kuan
霸业,ba ye
霸占,ba zhan
霸主,ba zhu
灞,ba
吧,ba
罢,ba
㓦,bai
㓦划,bai hua
掰,bai
掰腕子,bai wan zi
𨃅,bai
𨃅子,bai zi
擘,bai
白,bai
白,bai
白,bai
白,bai
白皑皑,bai ai ai
白矮星,bai ai xing
白案,bai an
白白,bai bai
白班,bai ban
白板,bai ban
白版,bai ban
白榜,bai bang
白报纸,bai bao zhi
白璧微瑕,bai bi wei xia
白璧无瑕,bai bi wu xia
白醭,bai bu
白不呲咧,bai bu ci lie
白菜,bai cai
白菜价,bai cai jia
白茬,bai cha
白茶,bai cha
白楂,bai cha
白槎,bai cha
白碴,bai cha
白痴,bai chi
白炽灯,bai chi deng
白唇鹿,bai chun lu
白醋,bai cu
白搭,bai da
白带,bai dai
白道,bai dao
白道,bai dao
白地,bai di
白地,bai di
白癜风,bai dian feng
白丁,bai ding
白垩,bai e
白矾,bai fan
白饭,bai fan
白费,bai fei
白粉,bai fen
白干,bai gan
白宫,bai gong
白骨,bai gu
白骨顶,bai gu ding
白骨精,bai gu jing
白鹳,bai guan
白果,bai guo
白果,bai guo
白鹤,bai he
白喉,bai hou
白虎,bai hu
白虎星,bai hu xing
白花花,bai hua hua
白化,bai hua
白化病,bai hua bing
白话,bai hua
白话,bai hua
白话,bai hua
白话诗,bai hua shi
白话文,bai hua wen
白桦,bai hua
白晃晃,bai huang huang
白灰,bai hui
白芨,bai ji
白及,bai ji
白𬶨豚,bai ji tun
白金,bai jin
白金汉宫,bai jin han gong
白净,bai jing
白酒,bai jiu
白驹过隙,bai ju guo xi
白剧,bai ju
白卷,bai juan
白开水,bai kai shui
白口,bai kou
白口,bai kou
白蜡,bai la
白蜡虫,bai la chong
白蜡树,bai la shu
白兰地,bai lan di
白兰瓜,bai lan gua
白莲教,bai lian jiao
白鲢,bai lian
白脸,bai lian
白蔹,bai lian
白磷,bai lin
白蛉,bai ling
白领,bai ling
白鹭,bai lu
白露,bai lu
白马王子,bai ma wang zi
白茫茫,bai mang mang
白毛风,bai mao feng
白茅,bai mao
白煤,bai mei
白蒙蒙,bai meng meng
白米,bai mi
白面,bai mian
白面,bai mian
白面书生,bai mian shu sheng
白描,bai miao
白名单,bai ming dan
白木耳,bai mu er
白内障,bai nei zhang
白嫩,bai nen
白皮书,bai pi shu
白票,bai piao
白旗,bai qi
白鳍豚,bai qi tun
白契,bai qi
白杄,bai qian
白镪,bai qiang
白区,bai qu
白饶,bai rao
白热,bai re
白热化,bai re hua
白人,bai ren
白刃,bai ren
白刃战,bai ren zhan
白日,bai ri
白日见鬼,bai ri jian gui
白日做梦,bai ri zuo meng
白肉,bai rou
白润,bai run
白色,bai se
白色恐怖,bai se kong bu
白色垃圾,bai se la ji
白色收入,bai se shou ru
白色污染,bai se wu ran
白山黑水,bai shan hei shui
白鳝,bai shan
白食,bai shi
白事,bai shi
白手,bai shou
白手起家,bai shou qi jia
白首,bai shou
白寿,bai shou
白薯,bai shu
白水,bai shui
白苏,bai su
白汤,bai tang
白糖,bai tang
白陶,bai tao
白体,bai ti
白天,bai tian
白田,bai tian
白条,bai tiao
白条,bai tiao
白铁,bai tie
白厅,bai ting
白铜,bai tong
白头,bai tou
白头,bai tou
白头鹎,bai tou bei
白头翁,bai tou weng
白头偕老,bai tou xie lao
白玩,bai wan
白文,bai wen
白皙,bai xi
白细胞,bai xi bao
白鹇,bai xian
白鲞,bai xiang
白相,bai xiang
白熊,bai xiong
白血病,bai xue bing
白血球,bai xue qiu
白眼,bai yan
白眼狼,bai yan lang
白眼珠,bai yan zhu
白羊座,bai yang zuo
白杨,bai yang
白药,bai yao
白页,bai ye
白夜,bai ye
白衣苍狗,bai yi cang gou
白衣天使,bai yi tian shi
白衣战士,bai yi zhan shi
白蚁,bai yi
白翳,bai yi
白银,bai yin
白玉,bai yu
白云苍狗,bai yun cang gou
白云岩,bai yun yan
白灾,bai zai
白斩鸡,bai zhan ji
白芷,bai zhi
白纸黑字,bai zhi hei zi
白质,bai zhi
白雉,bai zhi
白种,bai zhong
白昼,bai zhou
白昼见鬼,bai zhou jian gui
白术,bai zhu
白字,bai zi
白族,bai zu
白嘴,bai zui
拜,bai
拜拜,bai bai
百,bai
百般,bai ban
百宝箱,bai bao xiang
百倍,bai bei
百步穿杨,bai bu chuan yang
百尺竿头更进一步,bai chi gan tou geng jin yi bu
百出,bai chu
百川归海,bai chuan gui hai
百搭,bai da
百儿八十,bai er ba shi
百发百中,bai fa bai zhong
百废待举,bai fei dai ju
百废待兴,bai fei dai xing
百废俱举,bai fei ju ju
百废俱兴,bai fei ju xing
百分百,bai fen bai
百分比,bai fen bi
百分表,bai fen biao
百分尺,bai fen chi
百分点,bai fen dian
百分号,bai fen hao
百分率,bai fen lv
百分数,bai fen shu
百分之百,bai fen zhi bai
百分制,bai fen zhi
百感,bai gan
百合,bai he
百花齐放,bai hua qi fang
百花齐放百家争鸣,bai hua qi fang bai jia zheng ming
百货,bai huo
百家争鸣,bai jia zheng ming
百科,bai ke
百科全书,bai ke quan shu
百孔千疮,bai kong qian chuang
百口莫辩,bai kou mo bian
百里,bai li
百里挑一,bai li tiao yi
百炼成钢,bai lian cheng gang
百灵,bai ling
百忙,bai mang
百衲本,bai na ben
百衲衣,bai na yi
百年,bai nian
百年不遇,bai nian bu yu
百年大计,bai nian da ji
百日咳,bai ri ke
百日维新,bai ri wei xin
百十,bai shi
百世,bai shi
百事通,bai shi tong
百思不解,bai si bu jie
百万,bai wan
百闻不如一见,bai wen bu ru yi jian
百无禁忌,bai wu jin ji
百无聊赖,bai wu liao lai
百无一失,bai wu yi shi
百无一是,bai wu yi shi
百物,bai wu
百姓,bai xing
百业,bai ye
百叶,bai ye
百叶窗,bai ye chuang
百叶箱,bai ye xiang
百依百顺,bai yi bai shun
百战百胜,bai zhan bai sheng
百战不殆,bai zhan bu dai
百折不回,bai zhe bu hui
百折不挠,bai zhe bu nao
百褶裙,bai zhe qun
百足之虫死而不僵,bai zu zhi chong si er bu jiang
伯,bai
佰,bai
柏,bai
柏油,bai you
捭,bai
捭阖,bai he
摆,bai
摆,bai
摆,bai
摆布,bai bu
摆动,bai dong
摆渡,bai du
摆渡车,bai du che
摆放,bai fang
摆功,bai gong
摆好,bai hao
摆划,bai hua
摆架子,bai jia zi
摆件,bai jian
摆局,bai ju
摆阔,bai kuo
摆擂,bai lei
摆擂台,bai lei tai
摆列,bai lie
摆龙门阵,bai long men zhen
摆门面,bai men mian
摆弄,bai nong
摆拍,bai pai
摆平,bai ping
摆谱,bai pu
摆设,bai she
摆设,bai she
摆手,bai shou
摆摊子,bai tan zi
摆脱,bai tuo
摆样子,bai yang zi
摆治,bai zhi
摆钟,bai zhong
摆桌,bai zhuo
摆子,bai zi
呗,bai
败,bai
败北,bai bei
败笔,bai bi
败兵,bai bing
败果,bai guo
败坏,bai huai
败火,bai huo
败绩,bai ji
败家,bai jia
败家子,bai jia zi
败将,bai jiang
败局,bai ju
败军,bai jun
败类,bai lei
败露,bai lu
败落,bai luo
败诉,bai su
败退,bai tui
败亡,bai wang
败胃,bai wei
败象,bai xiang
败谢,bai xie
败兴,bai xing
败絮,bai xu
败选,bai xuan
败血症,bai xue zheng
败叶,bai ye
败因,bai yin
败仗,bai zhang
败阵,bai zhen
败子,bai zi
败走,bai zou
拜,bai
拜把子,bai ba zi
拜别,bai bie
拜忏,bai chan
拜辞,bai ci
拜倒,bai dao
拜读,bai du
拜访,bai fang
拜佛,bai fo
拜服,bai fu
拜贺,bai he
拜会,bai hui
拜火教,bai huo jiao
拜见,bai jian
拜节,bai jie
拜金,bai jin
拜金主义,bai jin zhu yi
拜客,bai ke
拜盟,bai meng
拜年,bai nian
拜票,bai piao
拜认,bai ren
拜扫,bai sao
拜师,bai shi
拜识,bai shi
拜寿,bai shou
拜堂,bai tang
拜天地,bai tian di
拜托,bai tuo
拜望,bai wang
拜物教,bai wu jiao
拜谢,bai xie
拜谒,bai ye
稗,bai
稗官野史,bai guan ye shi
稗子,bai zi
𫖔,bai
㗑,bai
扳,ban
扳本,ban ben
扳不倒,ban bu dao
扳倒,ban dao
扳道,ban dao
扳机,ban ji
扳平,ban ping
扳手,ban shou
扳指,ban zhi
扳子,ban zi
攽,ban
班,ban
班白,ban bai
班辈,ban bei
班驳,ban bo
班车,ban che
班次,ban ci
班底,ban di
班房,ban fang
班会,ban hui
班机,ban ji
班级,ban ji
班轮,ban lun
班门弄斧,ban men nong fu
班配,ban pei
班期,ban qi
班师,ban shi
班线,ban xian
班主,ban zhu
班主任,ban zhu ren
班子,ban zi
班组,ban zu
般,ban
般,ban
般配,ban pei
颁,ban
颁白,ban bai
颁布,ban bu
颁发,ban fa
颁奖,ban jiang
颁授,ban shou
颁行,ban xing
颁赠,ban zeng
斑,ban
斑白,ban bai
斑斑,ban ban
斑驳,ban bo
斑驳陆离,ban bo lu li
斑点,ban dian
斑痕,ban hen
斑鸠,ban jiu
斑斓,ban lan
斑马,ban ma
斑马线,ban ma xian
斑蝥,ban mao
斑秃,ban tu
斑纹,ban wen
斑竹,ban zhu
搬,ban
搬兵,ban bing
搬家,ban jia
搬弄,ban nong
搬弄是非,ban nong shi fei
搬起石头砸自己的脚,ban qi shi tou za zi ji de jiao
搬迁,ban qian
搬演,ban yan
搬移,ban yi
搬用,ban yong
搬运,ban yun
斒,ban
斒斓,ban lan
瘢,ban
瘢痕,ban hen
癍,ban
𨭉,ban
阪,ban
坂,ban
板,ban
板,ban
板板六十四,ban ban liu shi si
板报,ban bao
板壁,ban bi
板材,ban cai
板擦,ban ca
板荡,ban dang
板凳,ban deng
板凳队员,ban deng dui yuan
板斧,ban fu
板鼓,ban gu
板胡,ban hu
板结,ban jie
板块,ban kuai
板蓝根,ban lan gen
板栗,ban li
板楼,ban lou
板寸,ban cun
板上钉钉,ban shang ding ding
板实,ban shi
板式,ban shi
板书,ban shu
板刷,ban shua
板瓦,ban wa
板型,ban xing
板鸭,ban ya
板牙,ban ya
板烟,ban yan
板眼,ban yan
板硬,ban ying
板油,ban you
板障,ban zhang
板正,ban zheng
板滞,ban zhi
板筑,ban zhu
板子,ban zi
昄,ban
版,ban
版本,ban ben
版次,ban ci
版画,ban hua
版籍,ban ji
版刻,ban ke
版口,ban kou
版块,ban kuai
版面,ban mian
版纳,ban na
版权,ban quan
版权法,ban quan fa
版权页,ban quan ye
版式,ban shi
版税,ban shui
版图,ban tu
版心,ban xin
版型,ban xing
版主,ban zhu
版筑,ban zhu
钣,ban
钣金,ban jin
舨,ban
蝂,ban
办,ban
办案,ban an
办差,ban chai
办法,ban fa
办复,ban fu
办公,ban gong
办公室,ban gong shi
办结,ban jie
办理,ban li
办事,ban shi
办事处,ban shi chu
办事员,ban shi yuan
办学,ban xue
办罪,ban zui
半,ban
半百,ban bai
半半拉拉,ban ban la la
半辈子,ban bei zi
半壁,ban bi
半壁江山,ban bi jiang shan
半边,ban bian
半边天,ban bian tian
半彪子,ban biao zi
半成品,ban cheng pin
半大,ban da
半大不小,ban da bu xiao
半导体,ban dao ti
半岛,ban dao
半道,ban dao
半点,ban dian
半吊子,ban diao zi
半封建,ban feng jian
半疯,ban feng
半价,ban jia
半截,ban jie
半斤八两,ban jin ba liang
半径,ban jing
半决赛,ban jue sai
半空,ban kong
半拉,ban la
半劳动力,ban lao dong li
半劳力,ban lao li
半老徐娘,ban lao xu niang
半流体,ban liu ti
半路,ban lu
半路出家,ban lu chu jia
半路夫妻,ban lu fu qi
半票,ban piao
半瓶醋,ban ping cu
半日制,ban ri zhi
半山腰,ban shan yao
半晌,ban shang
半身不遂,ban shen bu sui
半生,ban sheng
半生不熟,ban sheng bu shu
半世,ban shi
半熟脸,ban shou lian
半数,ban shu
半衰期,ban shuai qi
半死,ban si
半死不活,ban si bu huo
半天,ban tian
半途,ban tu
半途而废,ban tu er fei
半推半就,ban tui ban jiu
半文盲,ban wen mang
半夏,ban xia
半信半疑,ban xin ban yi
半休,ban xiu
半夜,ban ye
半夜三更,ban ye san geng
半音,ban yin
半元音,ban yuan yin
半圆,ban yuan
半月刊,ban yue kan
半殖民地,ban zhi min di
半制品,ban zhi pin
半中腰,ban zhong yao
半子,ban zi
半自动,ban zi dong
扮,ban
扮鬼脸,ban gui lian
扮酷,ban ku
扮靓,ban liang
扮饰,ban shi
扮戏,ban xi
扮相,ban xiang
扮演,ban yan
扮装,ban zhuang
伴,ban
伴唱,ban chang
伴当,ban dang
伴读,ban du
伴发,ban fa
伴郎,ban lang
伴侣,ban lv
伴娘,ban niang
伴生,ban sheng
伴声,ban sheng
伴宿,ban su
伴随,ban sui
伴同,ban tong
伴舞,ban wu
伴星,ban xing
伴音,ban yin
伴游,ban you
伴奏,ban zou
坢,ban
拌,ban
拌和,ban huo
拌蒜,ban suan
拌嘴,ban zui
绊,ban
绊脚石,ban jiao shi
绊马索,ban ma suo
绊,ban
绊手绊脚,ban shou ban jiao
绊子,ban zi
柈,ban
柈子,ban zi
湴,ban
靽,ban
瓣,ban
瓣膜,ban mo
瓣胃,ban wei
邦,bang
邦交,bang jiao
邦联,bang lian
帮,bang
帮办,bang ban
帮补,bang bu
帮衬,bang chen
帮厨,bang chu
帮凑,bang cou
帮带,bang dai
帮倒忙,bang dao mang
帮扶,bang fu
帮工,bang gong
帮会,bang hui
帮教,bang jiao
帮困,bang kun
帮忙,bang mang
帮派,bang pai
帮腔,bang qiang
帮手,bang shou
帮套,bang tao
帮贴,bang tie
帮闲,bang xian
帮凶,bang xiong
帮佣,bang yong
帮主,bang zhu
帮助,bang zhu
帮子,bang zi
𠳐,bang
𠳐啷,bang lang
梆,bang
梆硬,bang ying
梆子,bang zi
梆子腔,bang zi qiang
浜,bang
绑,bang
绑匪,bang fei
绑缚,bang fu
绑架,bang jia
绑票,bang piao
绑腿,bang tui
绑扎,bang za
榜,bang
榜单,bang dan
榜额,bang e
榜首,bang shou
榜书,bang shu
榜尾,bang wei
榜文,bang wen
榜眼,bang yan
榜样,bang yang
榜主,bang zhu
膀,bang
膀臂,bang bi
膀大腰圆,bang da yao yuan
膀子,bang zi
玤,bang
蚌,bang
棒,bang
棒冰,bang bing
棒疮,bang chuang
棒槌,bang chui
棒喝,bang he
棒球,bang qiu
棒香,bang xiang
棒针,bang zhen
棒子,bang zi
棒子面,bang zi mian
棓,bang
傍,bang
傍边,bang bian
傍大款,bang da kuan
傍黑,bang hei
傍角,bang jue
傍亮,bang liang
傍明,bang ming
傍人门户,bang ren men hu
傍晌,bang shang
傍晚,bang wan
傍午,bang wu
傍依,bang yi
谤,bang
谤书,bang shu
谤议,bang yi
塝,bang
搒,bang
蒡,bang
稖,bang
稖头,bang tou
榜,bang
蜯,bang
膀,bang
磅,bang
磅秤,bang cheng
镑,bang
艕,bang
包,bao
包办,bao ban
包保,bao bao
包庇,bao bi
包藏,bao cang
包藏祸心,bao cang huo xin
包产,bao chan
包场,bao chang
包抄,bao chao
包车,bao che
包乘制,bao cheng zhi
包打天下,bao da tian xia
包打听,bao da ting
包饭,bao fan
包房,bao fang
包费,bao fei
包袱,bao fu
包袱底,bao fu di
包袱皮,bao fu pi
包干,bao gan
包工,bao gong
包工头,bao gong tou
包公,bao gong
包谷,bao gu
包管,bao guan
包裹,bao guo
包含,bao han
包涵,bao han
包伙,bao huo
包机,bao ji
包间,bao jian
包金,bao jin
包金,bao jin
包举,bao ju
包括,bao kuo
包揽,bao lan
包罗,bao luo
包罗万象,bao luo wan xiang
包米,bao mi
包赔,bao pei
包皮,bao pi
包票,bao piao
包青天,bao qing tian
包容,bao rong
包身工,bao shen gong
包探,bao tan
包头,bao tou
包围,bao wei
包围圈,bao wei quan
包席,bao xi
包厢,bao xiang
包销,bao xiao
包心菜,bao xin cai
包养,bao yang
包银,bao yin
包圆,bao yuan
包月,bao yue
包孕,bao yun
包蕴,bao yun
包扎,bao za
包装,bao zhuang
包桌,bao zhuo
包子,bao zi
包租,bao zu
苞,bao
苞,bao
苞谷,bao gu
苞米,bao mi
孢,bao
孢子,bao zi
孢子植物,bao zi zhi wu
枹,bao
胞,bao
胞衣,bao yi
胞子,bao zi
炮,bao
剥,bao
龅,bao
龅牙,bao ya
煲,bao
煲电话粥,bao dian hua zhou
褒,bao
褒贬,bao bian
褒贬,bao bian
褒称,bao cheng
褒词,bao ci
褒奖,bao jiang
褒扬,bao yang
褒义,bao yi
褒义词,bao yi ci
㼎,bao
雹,bao
雹灾,bao zai
雹子,bao zi
薄,bao
薄饼,bao bing
薄脆,bao cui
饱,bao
饱餐,bao can
饱尝,bao chang
饱读,bao du
饱嗝,bao ge
饱含,bao han
饱汉不知饿汉饥,bao han bu zhi e han ji
饱和,bao he
饱经沧桑,bao jing cang sang
饱经风霜,bao jing feng shuang
饱览,bao lan
饱满,bao man
饱食终日,bao shi zhong ri
饱学,bao xue
饱以老拳,bao yi lao quan
饱雨,bao yu
宝,bao
宝宝,bao bao
宝贝,bao bei
宝贝疙瘩,bao bei ge da
宝刹,bao cha
宝刀,bao dao
宝刀不老,bao dao bu lao
宝岛,bao dao
宝地,bao di
宝典,bao dian
宝贵,bao gui
宝号,bao hao
宝剑,bao jian
宝卷,bao juan
宝眷,bao juan
宝库,bao ku
宝蓝,bao lan
宝瓶座,bao ping zuo
宝石,bao shi
宝塔,bao ta
宝玩,bao wan
宝物,bao wu
宝玉,bao yu
宝藏,bao zang
宝重,bao zhong
宝珠,bao zhu
宝座,bao zuo
保,bao
保安,bao an
保安族,bao an zu
保本,bao ben
保膘,bao biao
保镖,bao biao
保不定,bao bu ding
保不齐,bao bu qi
保不住,bao bu zhu
保藏,bao cang
保持,bao chi
保存,bao cun
保单,bao dan
保底,bao di
保额,bao e
保费,bao fei
保固,bao gu
保管,bao guan
保户,bao hu
保护,bao hu
保护关税,bao hu guan shui
保护国,bao hu guo
保护价,bao hu jia
保护伞,bao hu san
保护色,bao hu se
保皇,bao huang
保级,bao ji
保甲,bao jia
保价,bao jia
保驾,bao jia
保荐,bao jian
保健,bao jian
保健操,bao jian cao
保健球,bao jian qiu
保洁,bao jie
保结,bao jie
保举,bao ju
保龄球,bao ling qiu
保留,bao liu
保留剧目,bao liu ju mu
保媒,bao mei
保密,bao mi
保苗,bao miao
保命,bao ming
保姆,bao mu
保暖,bao nuan
保票,bao piao
保期,bao qi
保全,bao quan
保人,bao ren
保山,bao shan
保墒,bao shang
保湿,bao shi
保释,bao shi
保守,bao shou
保税区,bao shui qu
保送,bao song
保胎,bao tai
保外就医,bao wai jiu yi
保卫,bao wei
保温,bao wen
保温杯,bao wen bei
保温瓶,bao wen ping
保息,bao xi
保鲜,bao xian
保鲜膜,bao xian mo
保险,bao xian
保险带,bao xian dai
保险单,bao xian dan
保险刀,bao xian dao
保险灯,bao xian deng
保险法,bao xian fa
保险费,bao xian fei
保险公司,bao xian gong si
保险柜,bao xian gui
保险金额,bao xian jin e
保险人,bao xian ren
保险丝,bao xian si
保险套,bao xian tao
保险箱,bao xian xiang
保修,bao xiu
保养,bao yang
保有,bao you
保佑,bao you
保育,bao yu
保育员,bao yu yuan
保育院,bao yu yuan
保障,bao zhang
保真,bao zhen
保证,bao zheng
保证金,bao zheng jin
保证人,bao zheng ren
保证书,bao zheng shu
保值,bao zhi
保质期,bao zhi qi
保重,bao zhong
保状,bao zhuang
保准,bao zhun
鸨,bao
鸨母,bao mu
葆,bao
葆,bao
堡,bao
堡垒,bao lei
褓,bao
褓姆,bao mu
报,bao
报案,bao an
报备,bao bei
报表,bao biao
报偿,bao chang
报呈,bao cheng
报仇,bao chou
报酬,bao chou
报春花,bao chun hua
报答,bao da
报单,bao dan
报导,bao dao
报到,bao dao
报道,bao dao
报德,bao de
报读,bao du
报端,bao duan
报恩,bao en
报废,bao fei
报复,bao fu
报告,bao gao
报告文学,bao gao wen xue
报关,bao guan
报馆,bao guan
报国,bao guo
报花,bao hua
报话,bao hua
报话机,bao hua ji
报价,bao jia
报捷,bao jie
报警,bao jing
报刊,bao kan
报考,bao kao
报矿,bao kuang
报料,bao liao
报领,bao ling
报名,bao ming
报幕,bao mu
报批,bao pi
报请,bao qing
报人,bao ren
报丧,bao sang
报社,bao she
报审,bao shen
报失,bao shi
报时,bao shi
报收,bao shou
报数,bao shu
报税,bao shui
报送,bao song
报亭,bao ting
报童,bao tong
报头,bao tou
报务,bao wu
报喜,bao xi
报销,bao xiao
报晓,bao xiao
报效,bao xiao
报信,bao xin
报修,bao xiu
报眼,bao yan
报业,bao ye
报应,bao ying
报怨,bao yuan
报站,bao zhan
报章,bao zhang
报账,bao zhang
报纸,bao zhi
报子,bao zi
刨,bao
刨冰,bao bing
刨床,bao chuang
刨刀,bao dao
刨工,bao gong
刨花,bao hua
刨花板,bao hua ban
刨刃,bao ren
刨子,bao zi
抱,bao
抱病,bao bing
抱不平,bao bu ping
抱残守缺,bao can shou que
抱持,bao chi
抱粗腿,bao cu tui
抱佛脚,bao fo jiao
抱负,bao fu
抱憾,bao han
抱恨,bao hen
抱愧,bao kui
抱歉,bao qian
抱屈,bao qu
抱拳,bao quan
抱厦,bao sha
抱身,bao shen
抱头鼠窜,bao tou shu cuan
抱团,bao tuan
抱委屈,bao wei qu
抱窝,bao wo
抱薪救火,bao xin jiu huo
抱养,bao yang
抱冤,bao yuan
抱怨,bao yuan
抱枕,bao zhen
抱柱对,bao zhu dui
趵,bao
豹,bao
豹猫,bao mao
豹子,bao zi
豹子胆,bao zi dan
鲍,bao
鲍鱼,bao yu
鲍鱼,bao yu
暴,bao
暴,bao
暴,bao
暴病,bao bing
暴跌,bao die
暴动,bao dong
暴堵,bao du
暴发,bao fa
暴风,bao feng
暴风雪,bao feng xue
暴风雨,bao feng yu
暴风骤雨,bao feng zhou yu
暴富,bao fu
暴光,bao guang
暴虎冯河,bao hu ping he
暴君,bao jun
暴库,bao ku
暴雷,bao lei
暴力,bao li
暴利,bao li
暴戾,bao li
暴戾恣睢,bao li zi sui
暴烈,bao lie
暴露,bao lu
暴乱,bao luan
暴民,bao min
暴怒,bao nu
暴虐,bao nve
暴晒,bao shai
暴尸,bao shi
暴死,bao si
暴殄天物,bao tian tian wu
暴跳,bao tiao
暴跳如雷,bao tiao ru lei
暴突,bao tu
暴徒,bao tu
暴泻,bao xie
暴行,bao xing
暴饮暴食,bao yin bao shi
暴雨,bao yu
暴狱,bao yu
暴躁,bao zao
暴增,bao zeng
暴涨,bao zhang
暴涨潮,bao zhang chao
暴政,bao zheng
暴走,bao zou
暴卒,bao zu
虣,bao
瀑,bao
曝,bao
曝光,bao guang
爆,bao
爆表,bao biao
爆仓,bao cang
爆炒,bao chao
爆炒,bao chao
爆粗,bao cu
爆粗口,bao cu kou
爆肚,bao du
爆发,bao fa
爆发变星,bao fa bian xing
爆发力,bao fa li
爆发音,bao fa yin
爆红,bao hong
爆冷,bao leng
爆冷门,bao leng men
爆料,bao liao
爆裂,bao lie
爆满,bao man
爆棚,bao peng
爆破,bao po
爆破筒,bao po tong
爆胎,bao tai
爆笑,bao xiao
爆炸,bao zha
爆炸性,bao zha xing
爆仗,bao zhang
爆竹,bao zhu
陂,bei
杯,bei
杯葛,bei ge
杯弓蛇影,bei gong she ying
杯珓,bei jiao
杯盘狼藉,bei pan lang ji
杯赛,bei sai
杯水车薪,bei shui che xin
杯水风波,bei shui feng bo
杯中物,bei zhong wu
杯子,bei zi
卑,bei
卑鄙,bei bi
卑鄙龌龊,bei bi wo chuo
卑不足道,bei bu zu dao
卑词,bei ci
卑辞,bei ci
卑躬屈节,bei gong qu jie
卑躬屈膝,bei gong qu xi
卑贱,bei jian
卑劣,bei lie
卑怯,bei qie
卑俗,bei su
卑微,bei wei
卑污,bei wu
卑下,bei xia
卑职,bei zhi
背,bei
背榜,bei bang
背包,bei bao
背包袱,bei bao fu
背包客,bei bao ke
背带,bei dai
背篼,bei dou
背负,bei fu
背黑锅,bei hei guo
背饥荒,bei ji huang
背筐,bei kuang
背篓,bei lou
背囊,bei nang
背囊客,bei nang ke
背头,bei tou
背债,bei zhai
背子,bei zi
桮,bei
椑,bei
椑柿,bei shi
悲,bei
悲哀,bei ai
悲惨,bei can
悲愁,bei chou
悲楚,bei chu
悲怆,bei chuang
悲催,bei cui
悲摧,bei cui
悲悼,bei dao
悲愤,bei fen
悲歌,bei ge
悲观,bei guan
悲号,bei hao
悲欢离合,bei huan li he
悲剧,bei ju
悲苦,bei ku
悲凉,bei liang
悲悯,bei min
悲鸣,bei ming
悲凄,bei qi
悲戚,bei qi
悲泣,bei qi
悲切,bei qie
悲情,bei qing
悲伤,bei shang
悲声,bei sheng
悲酸,bei suan
悲叹,bei tan
悲天悯人,bei tian min ren
悲恸,bei tong
悲痛,bei tong
悲喜交集,bei xi jiao ji
悲喜剧,bei xi ju
悲辛,bei xin
悲咽,bei ye
悲壮,bei zhuang
碑,bei
碑额,bei e
碑记,bei ji
碑碣,bei jie
碑刻,bei ke
碑林,bei lin
碑铭,bei ming
碑首,bei shou
碑拓,bei ta
碑帖,bei tie
碑头,bei tou
碑文,bei wen
碑阴,bei yin
碑志,bei zhi
碑座,bei zuo
鹎,bei
箄,bei
北,bei
北,bei
北半球,bei ban qiu
北边,bei bian
北朝,bei chao
北辰,bei chen
北斗星,bei dou xing
北豆腐,bei dou fu
北伐战争,bei fa zhan zheng
北方,bei fang
北方话,bei fang hua
北非,bei fei
北瓜,bei gua
北国,bei guo
北寒带,bei han dai
北回归线,bei hui gui xian
北货,bei huo
北极,bei ji
北极光,bei ji guang
北极圈,bei ji quan
北极星,bei ji xing
北极熊,bei ji xiong
北京人,bei jing ren
北京时间,bei jing shi jian
北京猿人,bei jing yuan ren
北面,bei mian
北欧,bei ou
北漂,bei piao
北齐,bei qi
北曲,bei qu
北山羊,bei shan yang
北上,bei shang
北宋,bei song
北纬,bei wei
北魏,bei wei
北温带,bei wen dai
北洋,bei yang
北洋军阀,bei yang jun fa
北野,bei ye
北周,bei zhou
贝,bei
贝,bei
贝雕,bei diao
贝多,bei duo
贝尔,bei er
贝壳,bei ke
贝勒,bei le
贝雷帽,bei lei mao
贝母,bei mu
贝书,bei shu
贝司,bei si
贝斯,bei si
贝塔粒子,bei ta li zi
贝塔射线,bei ta she xian
贝叶书,bei ye shu
贝叶棕,bei ye zong
贝子,bei zi
孛,bei
邶,bei
狈,bei
𬇙,bei
𪱷,bei
𪱷多,bei duo
备,bei
备案,bei an
备办,bei ban
备不住,bei bu zhu
备查,bei cha
备份,bei fen
备耕,bei geng
备荒,bei huang
备货,bei huo
备件,bei jian
备考,bei kao
备课,bei ke
备料,bei liao
备品,bei pin
备勤,bei qin
备取,bei qu
备述,bei shu
备胎,bei tai
备忘录,bei wang lu
备选,bei xuan
备汛,bei xun
备用,bei yong
备灾,bei zai
备战,bei zhan
备至,bei zhi
备注,bei zhu
背,bei
背不住,bei bu zhu
背称,bei cheng
背城借一,bei cheng jie yi
背城一战,bei cheng yi zhan
背搭子,bei da zi
背道而驰,bei dao er chi
背地,bei di
背地里,bei di li
背对背,bei dui bei
背风,bei feng
背旮旯,bei ga la
背光,bei guang
背后,bei hou
背晦,bei hui
背货,bei huo
背脊,bei ji
背剪,bei jian
背井离乡,bei jing li xiang
背景,bei jing
背景音乐,bei jing yin yue
背静,bei jing
背靠背,bei kao bei
背离,bei li
背理,bei li
背面,bei mian
背谬,bei miu
背叛,bei pan
背鳍,bei qi
背气,bei qi
背弃,bei qi
背人,bei ren
背时,bei shi
背书,bei shu
背书,bei shu
背水一战,bei shui yi zhan
背水阵,bei shui zhen
背诵,bei song
背投,bei tou
背投电视,bei tou dian shi
背心,bei xin
背信弃义,bei xin qi yi
背兴,bei xing
背眼,bei yan
背阴,bei yin
背影,bei ying
背约,bei yue
背运,bei yun
背字,bei zi
钡,bei
钡餐,bei can
倍,bei
倍道,bei dao
倍加,bei jia
倍率,bei lv
倍,bei
倍式,bei shi
倍数,bei shu
倍增,bei zeng
悖,bei
悖晦,bei hui
悖理,bei li
悖论,bei lun
悖谬,bei miu
悖逆,bei ni
悖入悖出,bei ru bei chu
悖时,bei shi
被,bei
被褡子,bei da zi
被袋,bei dai
被单,bei dan
被动,bei dong
被动式,bei dong shi
被动吸烟,bei dong xi yan
被服,bei fu
被覆,bei fu
被告,bei gao
被告人,bei gao ren
被害人,bei hai ren
被叫,bei jiao
被里,bei li
被面,bei mian
被难,bei nan
被迫,bei po
被褥,bei ru
被套,bei tao
被头,bei tou
被窝,bei wo
被卧,bei wo
被选举权,bei xuan ju quan
被罩,bei zhao
被子,bei zi
被子植物,bei zi zhi wu
琲,bei
棓,bei
辈,bei
辈出,bei chu
辈分,bei fen
辈行,bei hang
辈数,bei shu
辈子,bei zi
惫,bei
焙,bei
焙粉,bei fen
焙烧,bei shao
蓓,bei
蓓蕾,bei lei
碚,bei
鞁,bei
骳,bei
褙,bei
褙子,bei zi
糒,bei
鞴,bei
鞴,bei
鐾,bei
呗,bei
臂,bei
奔,ben
奔波,ben bo
奔驰,ben chi
奔窜,ben cuan
奔放,ben fang
奔赴,ben fu
奔劳,ben lao
奔流,ben liu
奔忙,ben mang
奔命,ben ming
奔跑,ben pao
奔头,ben tou
奔丧,ben sang
奔驶,ben shi
奔逝,ben shi
奔逃,ben tao
奔腾,ben teng
奔突,ban tu
奔袭,ben xi
奔泻,ben xie
奔涌,ben yong
奔逐,ben zhu
奔走,ben zou
奔走呼号,ben zou hu hao
贲,ben
贲门,ben men
栟,ben
犇,ben
锛,ben
锛子,ben zi
本,ben
本,ben
本邦菜,ben bang cai
本本,ben ben
本本主义,ben ben zhu yi
本币,ben bi
本部,ben bu
本埠,ben bu
本草,ben cao
本初子午线,ben chu zi wu xian
本岛,ben dao
本地,ben di
本分,ben fen
本固枝荣,ben gu zhi rong
本行,ben hang
本纪,ben ji
本家,ben jia
本家,ben jia
本金,ben jin
本科,ben ke
本来,ben lai
本利,ben li
本领,ben ling
本名,ben ming
本命年,ben ming nian
本末,ben mo
本末倒置,ben mo dao zhi
本能,ben neng
本票,ben piao
本钱,ben qian
本人,ben ren
本嗓,ben sang
本色,ben se
本色,ben shai
本身,ben shen
本事,ben shi
本事,ben shi
本诉,ben su
本题,ben ti
本体,ben ti
本土,ben tu
本位,ben wei
本位货币,ben wei huo bi
本位主义,ben wei zhu yi
本文,ben wen
本息,ben xi
本戏,ben xi
本乡本土,ben xiang ben tu
本相,ben xiang
本心,ben xin
本性,ben xing
本业,ben ye
本义,ben yi
本意,ben yi
本原,ben yuan
本源,ben yuan
本愿,ben yuan
本着,ben zhe
本真,ben zhen
本证,ben zheng
本职,ben zhi
本旨,ben zhi
本质,ben zhi
本主,ben zhu
本子,ben zi
本字,ben zi
苯,ben
苯并芘,ben bing bi
苯甲基,ben jia ji
畚,ben
畚斗,ben dou
畚箕,ben ji
夯,ben
坋,ben
坌,ben
坌,ben
坌,ben
奔,ben
奔命,ben ming
奔头,ben tou
倴,ben
笨,ben
笨伯,ben bo
笨蛋,ben dan
笨活,ben huo
笨口拙舌,ben kou zhuo she
笨鸟先飞,ben niao xian fei
笨手笨脚,ben shou ben jiao
笨头笨脑,ben tou ben nao
笨重,ben zhong
笨拙,ben zhuo
笨嘴拙舌,ben zui zhuo she
伻,beng
祊,beng
崩,beng
崩溃,beng kui
崩裂,beng lie
崩龙族,beng long zu
崩盘,beng pan
崩塌,beng ta
崩坍,beng tan
绷,beng
绷,beng
绷场面,beng chang mian
绷带,beng dai
绷弓,beng gong
绷弓子,beng gong zi
绷簧,beng huang
绷子,beng zi
嘣,beng
甭,beng
菶,beng
菶菶,beng beng
绷,beng
绷劲,beng jin
绷脸,beng lian
琫,beng
䩬,beng
鞛,beng
泵,beng
迸,beng
迸发,beng fa
迸溅,beng jian
迸裂,beng lie
蚌,beng
绷,beng
绷瓷,beng ci
甏,beng
镚,beng
镚,beng
镚子,beng zi
镚子,beng zi
蹦,beng
蹦蹦戏,beng beng xi
蹦床,beng chuang
蹦跶,beng da
蹦迪,beng di
蹦高,beng gao
蹦极,beng ji
蹦极跳,beng ji tiao
蹦跳,beng tiao
屄,bi
逼,bi
逼宫,bi gong
逼供,bi gong
逼供信,bi gong xin
逼和,bi he
逼婚,bi hun
逼近,bi jin
逼良为娼,bi liang wei chang
逼命,bi ming
逼平,bi ping
逼迫,bi po
逼抢,bi qiang
逼上梁山,bi shang liang shan
逼视,bi shi
逼问,bi wen
逼肖,bi xiao
逼仄,bi ze
逼债,bi zhai
逼真,bi zhen
𫔇,bi
鲾,bi
荸,bi
荸荠,bi qi
鼻,bi
鼻翅,bi chi
鼻窦,bi dou
鼻化元音,bi hua yuan yin
鼻尖,bi jian
鼻疽,bi ju
鼻孔,bi kong
鼻梁,bi liang
鼻牛,bi niu
鼻衄,bi nv
鼻旁窦,bi pang dou
鼻腔,bi qiang
鼻青脸肿,bi qing lian zhong
鼻,bi
鼻塞,bi se
鼻饲,bi si
鼻酸,bi suan
鼻涕,bi ti
鼻涕虫,bi ti chong
鼻息,bi xi
鼻烟,bi yan
鼻烟壶,bi yan hu
鼻翼,bi yi
鼻音,bi yin
鼻韵母,bi yun mu
鼻中隔,bi zhong ge
鼻子,bi zi
鼻祖,bi zu
匕,bi
匕首,bi shou
比,bi
比,bi
比比,bi bi
比对,bi dui
比方,bi fang
比分,bi fen
比附,bi fu
比划,bi hua
比画,bi hua
比基尼,bi ji ni
比及,bi ji
比价,bi jia
比肩,bi jian
比肩继踵,bi jian ji zhong
比肩接踵,bi jian jie zhong
比较,bi jiao
比较价格,bi jiao jia ge
比较文学,bi jiao wen xue
比况,bi kuang
比来,bi lai
比例,bi li
比例尺,bi li chi
比例税,bi li shui
比量,bi liang
比邻,bi lin
比率,bi lv
比美,bi mei
比目鱼,bi mu yu
比拟,bi ni
比年,bi nian
比配,bi pei
比拼,bi pin
比丘,bi qiu
比丘尼,bi qiu ni
比热,bi re
比热容,bi re rong
比如,bi ru
比萨,bi sa
比萨饼,bi sa bing
比赛,bi sai
比试,bi shi
比岁,bi sui
比索,bi suo
比特,bi te
比武,bi wu
比翼,bi yi
比翼鸟,bi yi niao
比翼齐飞,bi yi qi fei
比喻,bi yu
比照,bi zhao
比值,bi zhi
比重,bi zhong
芘,bi
吡,bi
吡啶,bi ding
吡咯,bi luo
佊,bi
疕,bi
沘,bi
妣,bi
彼,bi
彼岸,bi an
彼此,bi ci
彼一时此一时,bi yi shi ci yi shi
秕,bi
秕谷,bi gu
秕糠,bi kang
秕子,bi zi
笔,bi
笔触,bi chu
笔答,bi da
笔底生花,bi di sheng hua
笔底下,bi di xia
笔调,bi diao
笔端,bi duan
笔伐,bi fa
笔法,bi fa
笔锋,bi feng
笔杆,bi gan
笔杆子,bi gan zi
笔耕,bi geng
笔供,bi gong
笔管条直,bi guan tiao zhi
笔画,bi hua
笔会,bi hui
笔记,bi ji
笔记本,bi ji ben
笔记本电脑,bi ji ben dian nao
笔记本式计算机,bi ji ben shi ji suan ji
笔迹,bi ji
笔架,bi jia
笔尖,bi jian
笔力,bi li
笔立,bi li
笔录,bi lu
笔路,bi lu
笔帽,bi mao
笔名,bi ming
笔墨,bi mo
笔墨官司,bi mo guan si
笔润,bi run
笔势,bi shi
笔试,bi shi
笔受,bi shou
笔顺,bi shun
笔算,bi suan
笔谈,bi tan
笔套,bi tao
笔体,bi ti
笔挺,bi ting
笔筒,bi tong
笔头,bi tou
笔误,bi wu
笔洗,bi xi
笔下,bi xia
笔下生花,bi xia sheng hua
笔心,bi xin
笔芯,bi xin
笔形,bi xing
笔削,bi xue
笔译,bi yi
笔意,bi yi
笔友,bi you
笔札,bi zha
笔债,bi zhai
笔战,bi zhan
笔者,bi zhe
笔政,bi zheng
笔直,bi zhi
笔致,bi zhi
笔资,bi zi
笔走龙蛇,bi zou long she
俾,bi
舭,bi
鄙,bi
鄙薄,bi bo
鄙称,bi cheng
鄙见,bi jian
鄙俚,bi li
鄙吝,bi lin
鄙陋,bi lou
鄙弃,bi qi
鄙人,bi ren
鄙视,bi shi
鄙俗,bi su
鄙夷,bi yi
鄙意,bi yi
币,bi
币市,bi shi
币值,bi zhi
币制,bi zhi
币种,bi zhong
必,bi
必备,bi bei
必得,bi dei
必定,bi ding
必恭必敬,bi gong bi jing
必将,bi jiang
必然,bi ran
必然王国,bi ran wang guo
必然性,bi ran xing
必修,bi xiu
必须,bi xu
必需,bi xu
必要,bi yao
必要产品,bi yao chan pin
必要劳动,bi yao lao dong
必由之路,bi you zhi lu
毕,bi
毕恭毕敬,bi gong bi jing
毕竟,bi jing
毕露,bi lu
毕命,bi ming
毕其功于一役,bi qi gong yu yi yi
毕生,bi sheng
毕肖,bi xiao
毕业,bi ye
闭,bi
闭关,bi guan
闭关锁国,bi guan suo guo
闭关自守,bi guan zi shou
闭合,bi he
闭会,bi hui
闭架,bi jia
闭经,bi jing
闭卷,bi juan
闭口,bi kou
闭口韵,bi kou yun
闭路电视,bi lu dian shi
闭门羹,bi men geng
闭门思过,bi men si guo
闭门造车,bi men zao che
闭目塞听,bi mu se ting
闭幕,bi mu
闭气,bi qi
闭塞,bi se
闭市,bi shi
闭锁,bi suo
闭庭,bi ting
闭眼,bi yan
闭月羞花,bi yue xiu hua
闭嘴,bi zui
坒,bi
佖,bi
庇,bi
庇护,bi hu
庇护权,bi hu quan
庇护所,bi hu suo
庇荫,bi yin
庇佑,bi you
邲,bi
诐,bi
苾,bi
畀,bi
咇,bi
𮤲,bi
泌,bi
𱅈,bi
珌,bi
贲,bi
贲临,bi lin
荜,bi
荜,bi
荜拨,bi bo
荜路蓝缕,bi lu lan lv
柲,bi
毖,bi
哔,bi
哔叽,bi ji
𮩛,bi
𮩛𫗩,bi luo
陛,bi
陛下,bi xia
𫖒,bi
毙,bi
毙命,bi ming
毙伤,bi shang
铋,bi
秘,bi
狴,bi
狴犴,bi an
萆,bi
萆薢,bi xie
梐,bi
梐枑,bi hu
庳,bi
敝,bi
敝人,bi ren
敝屣,bi xi
敝帚千金,bi zhou qian jin
敝帚自珍,bi zhou zi zhen
婢,bi
婢女,bi nv
皕,bi
赑,bi
赑屃,bi xi
筚,bi
筚篥,bi li
筚路蓝缕,bi lu lan lv
湢,bi
愊,bi
愊忆,bi yi
愎,bi
弼,bi
蓖,bi
蓖麻,bi ma
跸,bi
腷,bi
腷臆,bi yi
痹,bi
痹症,bi zheng
煏,bi
滗,bi
裨,bi
裨益,bi yi
辟,bi
辟,bi
辟谷,bi gu
辟邪,bi xie
辟易,bi yi
碧,bi
碧波,bi bo
碧空,bi kong
碧蓝,bi lan
碧绿,bi lv
碧螺春,bi luo chun
碧落,bi luo
碧玺,bi xi
碧血,bi xue
碧油油,bi you you
碧玉,bi yu
蔽,bi
蔽芾,bi fei
蔽塞,be se
蔽障,bi zhang
馝,bi
馝馞,bi bo
箅,bi
箅子,bi zi
弊,bi
弊病,bi bing
弊端,bi duan
弊害,bi hai
弊绝风清,bi jue feng qing
弊政,bi zheng
髲,bi
薜,bi
薜荔,bi li
觱,bi
觱栗,bi li
觱篥,bi li
篦,bi
篦子,bi zi
壁,bi
壁报,bi bao
壁布,bi bu
壁橱,bi chu
壁灯,bi deng
壁挂,bi gua
壁柜,bi gui
壁虎,bi hu
壁画,bi hua
壁垒,bi lei
壁垒森严,bi lei sen yan
壁立,bi li
壁炉,bi lu
壁球,bi qiu
壁上观,bi shang guan
壁虱,bi shi
壁式网球,bi shi wang qiu
壁饰,bi shi
壁毯,bi tan
壁厢,bi xiang
壁葬,bi zang
壁障,bi zhang
壁纸,bi zhi
壁钟,bi zhong
避,bi
避风,bi feng
避风港,bi feng gang
避风头,bi feng tou
避讳,bi hui
避讳,bi hui
避忌,bi ji
避坑落井,bi keng luo jing
避雷器,bi lei qi
避雷针,bi lei zhen
避免,bi mian
避难,bi nan
避让,bi rang
避世,bi shi
避暑,bi shu
避税,bi shui
避嫌,bi xian
避邪,bi xie
避孕,bi yun
避孕套,bi yun tao
避重就轻,bi zhong jiu qing
嬖,bi
髀,bi
髀肉复生,bi rou fu sheng
濞,bi
臂,bi
臂膀,bi bang
臂膊,bi bo
臂力,bi li
臂章,bi zhang
臂助,bi zhu
奰,bi
璧,bi
璧还,bi huan
璧谢,bi xie
襞,bi
躄,bi
𥷑,bi
𥷑篥,bi li
边,bian
边,bian
边岸,bian an
边鄙,bian bi
边城,bian cheng
边陲,bian chui
边地,bian di
边防,bian fang
边锋,bian feng
边幅,bian fu
边关,bian guan
边患,bian huan
边际,bian ji
边检,bian jian
边疆,bian jiang
边角料,bian jiao liao
边界,bian jie
边境,bian jing
边境贸易,bian jing mao yi
边款,bian kuan
边框,bian kuang
边贸,bian mao
边门,bian men
边民,bian min
边卡,bian qia
边区,bian qu
边塞,bian sai
边式,bian shi
边事,bian shi
边务,bian wu
边线,bian xian
边沿,bian yan
边音,bian yin
边缘,bian yuan
边缘化,bian yuan hua
边缘科学,bian yuan ke xue
边远,bian yuan
边寨,bian zhai
砭,bian
砭骨,bian gu
砭石,bian shi
笾,bian
萹,bian
萹蓄,bian xu
编,bian
编程,bian cheng
编创,bian chuang
编次,bian ci
编导,bian dao
编订,bian ding
编队,bian dui
编发,bian fa
编号,bian hao
编绘,bian hui
编辑,bian ji
编辑,bian ji
编校,bian jiao
编结,bian jie
编剧,bian ju
编列,bian lie
编录,bian lu
编码,bian ma
编目,bian mu
编内,bian nei
编年,bian nian
编年体,bian nian ti
编排,bian pai
编派,bian pai
编遣,bian qian
编磬,bian qing
编审,bian shen
编外,bian wai
编委,bian wei
编舞,bian wu
编写,bian xie
编修,bian xiu
编选,bian xuan
编演,bian yan
编译,bian yi
编余,bian yu
编造,bian zao
编者,bian zhe
编者按,bian zhe an
编织,bian zhi
编制,bian zhi
编制,bian zhi
编钟,bian zhong
编著,bian zhu
编撰,bian zhuan
编缀,bian zhui
编组,bian zu
编纂,bian zuan
煸,bian
蝙,bian
蝙蝠,bian fu
箯,bian
箯舆,bian yu
鳊,bian
鞭,bian
鞭策,bian ce
鞭长莫及,bian chang mo ji
鞭笞,bian chi
鞭打,bian da
鞭打快牛,bian da kuai niu
鞭毛,bian mao
鞭炮,bian pao
鞭辟近里,bian pi jin li
鞭辟入里,bian pi ru li
鞭挞,bian ta
鞭子,bian zi
贬,bian
贬称,bian cheng
贬斥,bian chi
贬黜,bian chu
贬词,bian ci
贬低,bian di
贬官,bian guan
贬损,bian sun
贬义,bian yi
贬义词,bian yi ci
贬抑,bian yi
贬责,bian ze
贬谪,bian zhe
贬值,bian zhi
贬职,bian zhi
窆,bian
扁,bian
扁柏,bian bai
扁担,bian dan
扁担星,bian dan xing
扁豆,bian dou
扁骨,bian gu
扁率,bian lv
扁平足,bian ping zu
扁食,bian shi
扁桃,bian tao
扁桃体,bian tao ti
扁桃腺,bian tao xian
扁形动物,bian xing dong wu
扁圆,bian yuan
匾,bian
匾额,bian e
匾文,bian wen
萹,bian
萹豆,bian dou
惼,bian
碥,bian
稨,bian
稨豆,bian dou
褊,bian
褊急,bian ji
褊狭,bian xia
藊,bian
藊豆,bian dou
卞,bian
弁,bian
弁言,bian yan
抃,bian
苄,bian
苄基,bian ji
汴,bian
忭,bian
𨚕,bian
变,bian
变本加厉,bian ben jia li
变产,bian chan
变蛋,bian dan
变电站,bian dian zhan
变调,bian diao
变动,bian dong
变法,bian fa
变法,bian fa
变革,bian ge
变更,bian geng
变工,bian gong
变故,bian gu
变卦,bian gua
变化,bian hua
变幻,bian huan
变幻莫测,bian huan mo ce
变换,bian huan
变价,bian jia
变节,bian jie
变局,bian ju
变口,bian kou
变脸,bian lian
变量,bian liang
变乱,bian luan
变卖,bian mai
变盘,bian pan
变频,bian pin
变迁,bian qian
变色,bian se
变色镜,bian se jing
变色龙,bian se long
变生肘腋,bian sheng zhou ye
变声,bian sheng
变数,bian shu
变速器,bian su qi
变速运动,bian su yun dong
变态,bian tai
变态反应,bian tai fan ying
变体,bian ti
变天,bian tian
变通,bian tong
变味,bian wei
变温动物,bian wen dong wu
变文,bian wen
变戏法,bian xi fa
变现,bian xian
变相,bian xiang
变心,bian xin
变星,bian xing
变形,bian xing
变形金刚,bian xing jin gang
变型,bian xing
变性,bian xing
变压器,bian ya qi
变样,bian yang
变异,bian yi
变易,bian yi
变质,bian zhi
变质岩,bian zhi yan
变种,bian zhong
变奏,bian zou
变奏曲,bian zou qu
变阻器,bian zu qi
昪,bian
便,bian
便步,bian bu
便餐,bian can
便车,bian che
便当,bian dang
便当,bian dang
便道,bian dao
便饭,bian fan
便服,bian fu
便函,bian han
便壶,bian hu
便笺,bian jian
便捷,bian jie
便览,bian lan
便利,bian li
便利店,bian li dian
便利贴,bian li tie
便了,bian liao
便帽,bian mao
便门,bian men
便秘,bian mi
便民,bian min
便溺,bian niao
便盆,bian pen
便桥,bian qiao
便人,bian ren
便士,bian shi
便所,bian suo
便条,bian tiao
便桶,bian tong
便携式,bian xie shi
便鞋,bian xie
便血,bian xie
便宴,bian yan
便衣,bian yi
便宜,bian yi
便宜从事,bian yi cong shi
便宜行事,bian yi xing shi
便于,bian yu
便中,bian zhong
便装,bian zhuang
遍,bian
遍布,bian bu
遍地,bian di
遍地开花,bian di kai hua
遍及,bian ji
遍体鳞伤,bian ti lin shang
遍野,bian ye
缏,bian
艑,bian
辨,bian
辨白,bian bai
辨别,bian bie
辨明,bian ming
辨认,bian ren
辨识,bian shi
辨析,bian xi
辨正,bian zheng
辨证,bian zheng
辨证,bian zheng
辨证论治,bian zheng lun zhi
辨证施治,bian zheng shi zhi
辨症,bian zheng
辩,bian
辩白,bian bai
辩驳,bian bo
辩才,bian cai
辩称,bian cheng
辩词,bian ci
辩辞,bian ci
辩护,bian hu
辩护权,bian hu quan
辩护人,bian hu ren
辩护士,bian hu shi
辩解,bian jie
辩论,bian lun
辩明,bian ming
辩难,bian nan
辩士,bian shi
辩手,bian shou
辩题,bian ti
辩诬,bian wu
辩学,bian xue
辩正,bian zheng
辩证,bian zheng
辩证法,bian zheng fa
辩证逻辑,bian zheng luo ji
辩证唯物主义,bian zheng wei wu zhu yi
辫,bian
辫子,bian zi
杓,biao
标,biao
标榜,biao bang
标本,biao ben
标本兼治,biao ben jian zhi
标兵,biao bing
标尺,biao chi
标灯,biao deng
标底,biao di
标的,biao di
标点,biao dian
标点符号,biao dian fu hao
标定,biao ding
标杆,biao gan
标高,biao gao
标格,biao ge
标号,biao hao
标记,biao ji
标记元素,biao ji yuan su
标价,biao jia
标间,biao jian
标金,biao jin
标金,biao jin
标量,biao liang
标卖,biao mai
标明,biao ming
标牌,biao pai
标签,biao qian
标枪,biao qiang
标石,biao shi
标识,biao shi
标示,biao shi
标书,biao shu
标题,biao ti
标题新闻,biao ti xin wen
标题音乐,biao ti yin yue
标贴,biao tie
标图,biao tu
标王,biao wang
标线,biao xian
标新立异,biao xin li yi
标语,biao yu
标志,biao zhi
标致,biao zhi
标注,biao zhu
标准,biao zhun
标准大气压,biao zhun da qi ya
标准粉,biao zhun fen
标准工资,biao zhun gong zi
标准化,biao zhun hua
标准间,biao zhun jian
标准件,biao zhun jian
标准时,biao zhun shi
标准时区,biao zhun shi qu
标准像,biao zhun xiang
标准音,biao zhun yin
标准语,biao zhun yu
飑,biao
骉,biao
彪,biao
彪炳,biao bing
彪炳千古,biao bing qian gu
彪悍,biao han
猋,biao
摽,biao
摽榜,biao bang
幖,biao
滮,biao
骠,biao
膘,biao
膘情,biao qing
熛,biao
飙,biao
飙车,biao che
飙风,biao feng
飙高,biao gao
飙歌,biao ge
飙红,biao hong
飙升,biao sheng
飙戏,biao xi
飙涨,biao zhang
镖,biao
镖局,biao ju
镖客,biao ke
镖师,biao shi
瘭,biao
瘭疽,biao ju
儦,biao
儦儦,biao biao
藨,biao
藨草,biao cao
瀌,biao
瀌瀌,biao biao
镳,biao
镳,biao
穮,biao
表,biao
表白,biao bai
表册,biao ce
表层,biao ceng
表尺,biao chi
表达,biao da
表格,biao ge
表功,biao gong
表记,biao ji
表决,biao jue
表决权,biao jue quan
表里,biao li
表里如一,biao li ru yi
表露,biao lu
表蒙子,biao meng zi
表面,biao mian
表面光,biao mian guang
表面化,biao mian hua
表面积,biao mian ji
表面文章,biao mian wen zhang
表面张力,biao mian zhang li
表明,biao ming
表盘,biao pan
表皮,biao pi
表亲,biao qin
表情,biao qing
表示,biao shi
表述,biao shu
表率,biao shuai
表态,biao tai
表土,biao tu
表现,biao xian
表现主义,biao xian zhu yi
表象,biao xiang
表演,biao yan
表演唱,biao yan chang
表演赛,biao yan sai
表扬,biao yang
表意文字,biao yi wen zi
表音文字,biao yin wen zi
表语,biao yu
表彰,biao zhang
表针,biao zhen
表征,biao zheng
表侄,biao zhi
表侄女,biao zhi nv
表字,biao zi
婊,biao
婊子,biao zi
脿,biao
裱,biao
裱褙,biao bei
裱糊,biao hu
褾,biao
俵,biao
摽,biao
摽,biao
摽劲,biao jin
鳔,biao
鳔胶,biao jiao
瘪,bie
瘪三,bie san
憋,bie
憋闷,bie men
憋气,bie qi
憋屈,bie qu
鳖,bie
鳖边,bie bian
鳖裙,bie qun
癿,bie
别,bie
别,bie
别,bie
别,bie
别裁,bie cai
别称,bie cheng
别出心裁,bie chu xin cai
别处,bie chu
别动队,bie dong dui
别管,bie guan
别号,bie hao
别集,bie ji
别家,bie jia
别价,bie jie
别具匠心,bie ju jiang xin
别具一格,bie ju yi ge
别具只眼,bie ju zhi yan
别开生面,bie kai sheng mian
别看,bie kan
别离,bie li
别论,bie lun
别名,bie ming
别情,bie qing
别人,bie ren
别人,bie ren
别史,bie shi
别树一帜,bie shu yi zhi
别墅,bie shu
别说,bie shuo
别说是,bie shuo shi
别提,bie ti
别无长物,bie wu chang wu
别无二致,bie wu er zhi
别绪,bie xu
别样,bie yang
别有洞天,bie you dong tian
别有风味,bie you feng wei
别有天地,bie you tian di
别有用心,bie you yong xin
别针,bie zhen
别致,bie zhi
别传,bie zhuan
别子,bie zi
别子,bie zi
别字,bie zi
蹩,bie
蹩脚,bie jiao
瘪,bie
别,bie
别扭,bie niu
别嘴,bie zui
邠,bin
玢,bin
宾,bin
宾白,bin bai
宾词,bin ci
宾东,bin dong
宾服,bin fu
宾服,bin fu
宾馆,bin guan
宾客,bin ke
宾朋,bin peng
宾语,bin yu
宾至如归,bin zhi ru gui
宾主,bin zhu
彬,bin
彬彬,bin bin
傧,bin
傧相,bin xiang
斌,bin
滨,bin
缤,bin
缤纷,bin fen
槟,bin
槟子,bin zi
镔,bin
镔铁,bin tie
濒,bin
濒绝,bin jue
濒临,bin lin
濒死,bin si
濒危,bin wei
濒于,bin yu
豳,bin
摈,bin
摈斥,bin chi
摈除,bin chu
摈弃,bin qi
殡,bin
殡车,bin che
殡殓,bin lian
殡仪馆,bin yi guan
殡葬,bin zang
膑,bin
髌,bin
髌骨,bin gu
鬓,bin
鬓发,bin fa
鬓角,bin jiao
冰,bing
冰棒,bing bang
冰雹,bing bao
冰茶,bing cha
冰场,bing chang
冰碴,bing cha
冰川,bing chuan
冰川期,bing chuan qi
冰床,bing chuang
冰镩,bing cuan
冰袋,bing dai
冰刀,bing dao
冰灯,bing deng
冰点,bing dian
冰雕,bing diao
冰冻,bing dong
冰冻三尺非一日之寒,bing dong san chi fei yi ri zhi han
冰毒,bing du
冰峰,bing feng
冰糕,bing gao
冰镐,bing gao
冰挂,bing gua
冰柜,bing gui
冰棍,bing gun
冰壶,bing hu
冰花,bing hua
冰激凌,bing ji ling
冰窖,bing jiao
冰晶,bing jing
冰冷,bing leng
冰凉,bing liang
冰凌,bing ling
冰溜,bing liu
冰轮,bing lun
冰排,bing pai
冰片,bing pian
冰品,bing pin
冰瓶,bing ping
冰期,bing qi
冰淇淋,bing qi lin
冰橇,bing qiao
冰清玉洁,bing qing yu jie
冰球,bing qiu
冰人,bing ren
冰山,bing shan
冰山一角,bing shan yi jiao
冰上运动,bing shang yun dong
冰释,bing shi
冰霜,bing shuang
冰炭,bing tan
冰糖,bing tang
冰糖葫芦,bing tang hu lu
冰天雪地,bing tian xue di
冰坨,bing tuo
冰箱,bing xiang
冰消瓦解,bing xiao wa jie
冰鞋,bing xie
冰镇,bing zhen
冰柱,bing zhu
冰砖,bing zhuan
冰锥,bing zhui
并,bing
兵,bing
兵变,bing bian
兵不血刃,bing bu xue ren
兵不厌诈,bing bu yan zha
兵车,bing che
兵船,bing chuan
兵丁,bing ding
兵法,bing fa
兵符,bing fu
兵戈,bing ge
兵革,bing ge
兵工,bing gong
兵工厂,bing gong chang
兵贵神速,bing gui shen su
兵荒马乱,bing huang ma luan
兵火,bing huo
兵家,bing jia
兵舰,bing jian
兵谏,bing jian
兵来将挡水来土掩,bing lai jiang dang shui lai tu yan
兵力,bing li
兵临城下,bing lin cheng xia
兵乱,bing luan
兵马俑,bing ma yong
兵痞,bing pi
兵棋,bing qi
兵器,bing qi
兵强马壮,bing qiang ma zhuang
兵权,bing quan
兵戎,bing rong
兵士,bing shi
兵书,bing shu
兵团,bing tuan
兵燹,bing xian
兵饷,bing xiang
兵役,bing yi
兵役法,bing yi fa
兵役制,bing yi zhi
兵营,bing ying
兵勇,bing yong
兵油子,bing you zi
兵员,bing yuan
兵源,bing yuan
兵灾,bing zai
兵站,bing zhan
兵种,bing zhong
兵卒,bing zu
屏,bing
屏营,bing ying
栟,bing
栟榈,bing lv
槟,bing
槟榔,bing lang
丙,bing
丙部,bing bu
丙丁,bing ding
丙纶,bing lun
邴,bing
秉,bing
秉承,bing cheng
秉持,bing chi
秉公,bing gong
秉国,bing guo
秉性,bing xing
秉正,bing zheng
秉政,bing zheng
秉烛,bing zhu
柄,bing
昺,bing
饼,bing
饼铛,bing cheng
饼肥,bing fei
饼干,bing gan
饼屋,bing wu
饼子,bing zi
炳,bing
屏,bing
屏除,bing chu
屏迹,bing ji
屏气,bing qi
屏弃,bing qi
屏退,bing tui
屏息,bing xi
蛃,bing
禀,bing
禀报,bing bao
禀承,bing cheng
禀赋,bing fu
禀告,bing gao
禀命,bing ming
禀受,bing shou
禀帖,bing tie
禀性,bing xing
鞞,bing
并,bing
并,bing
并案,bing an
并称,bing cheng
并存,bing cun
并蒂莲,bing di lian
并发,bing fa
并发症,bing fa zheng
并非,bing fei
并购,bing gou
并骨,bing gu
并轨,bing gui
并驾齐驱,bing jia qi qu
并肩,bing jian
并进,bing jin
并举,bing ju
并力,bing li
并立,bing li
并联,bing lian
并列,bing lie
并拢,bing long
并茂,bing mao
并排,bing pai
并且,bing qie
并吞,bing tun
并网,bing wang
并线,bing xian
并行,bing xing
并行不悖,bing xing bu bei
并用,bing yong
并重,bing zhong
病,bing
病案,bing an
病包,bing bao
病变,bing bian
病病歪歪,bing bing wai wai
病残,bing can
病程,bing cheng
病虫害,bing chong hai
病床,bing chuang
病毒,bing du
病笃,bing du
病房,bing fang
病夫,bing fu
病根,bing gen
病故,bing gu
病害,bing hai
病号,bing hao
病候,bing hou
病患,bing huan
病急乱投医,bing ji luan tou yi
病家,bing jia
病假,bing jia
病句,bing ju
病菌,bing jun
病况,bing kuang
病理,bing li
病历,bing li
病例,bing li
病媒,bing mei
病魔,bing mo
病情,bing qing
病区,bing qu
病人,bing ren
病容,bing rong
病入膏肓,bing ru gao huang
病弱,bing ruo
病史,bing shi
病势,bing shi
病逝,bing shi
病榻,bing ta
病态,bing tai
病体,bing ti
病痛,bing tong
病退,bing tui
病危,bing wei
病险,bing xian
病象,bing xiang
病休,bing xiu
病恹恹,bing yan yan
病秧子,bing yang zi
病疫,bing yi
病因,bing yin
病友,bing you
病愈,bing yu
病员,bing yuan
病原,bing yuan
病原体,bing yuan ti
病源,bing yuan
病院,bing yuan
病灶,bing zao
病征,bing zheng
病症,bing zheng
病株,bing zhu
病状,bing zhuang
摒,bing
摒除,bing chu
摒挡,bing dang
摒绝,bing jue
摒弃,bing qi
